title,link,description,bloggername,bloggerlink,postdate
PMS 영양제 예민함 <b>불면</b>까지 싹 잡음 +5개월,https://blog.naver.com/love01th/224194845352,"대표적인 증상은 1) 예민함과 감정 기복, 2) <b>불면</b>, 3) 두통, 4) 복부 팽만, 5) 골반통, 6) 유방 통증 등이 있어요. 사람마다 다르게 나타나지만, 저는 그중에서도 예민함, <b>불면</b>, 골반통이 특히 심했어요. 예민함은... ",ElonMusk_Tesla,blog.naver.com/love01th,20260225
자낙스 졸피뎀 후기 (+ <b>불면</b> 우울 겪고 단약한 과정),https://blog.naver.com/ie_jima/224171599310,그러면서 <b>불면</b>증까지 겹치니까 정말 버티기 힘들더라구요.. 밤이 되면 몸은 지쳤는데 머리속 생각은 계속되면서 <b>불면</b>증이 점차 심해졌어요 결국 쓰러지기까지 하면서 병원에서 자낙스정까지 처방받아 먹기... ,세여자 모시고 살기,blog.naver.com/ie_jima,20260205
"리피어라 갱년기 가격 효과 열감, <b>불면</b> 극복 솔직후기!",https://blog.naver.com/law_explane/224172653920,"리피어라 갱년기 가격 효과 열감 <b>불면</b> 극복 솔직후기! 계절이 바뀌던 초봄 무렵이었어요. 아침 공기가 아직 차갑게 느껴지던 시기였고, 50대에 접어든 제 몸은 계절 변화에 유독 민감하게 반응하고 있었어요.... ",✅ 알아두면 쓸모있는 ✅,blog.naver.com/law_explane,20260205
마그네슘효능 <b>불면</b> 개선 복용법 부작용 확인,https://blog.naver.com/h7xjxie8/224188647757,마그네슘효능 <b>불면</b> 개선 복용법 부작용 확인 마그네슘효능 <b>불면</b> 개선 복용법 부작용 확인 마그네슘효능 <b>불면</b> 개선 복용법 부작용 확인 수면 리듬의 미묘한 변화 최근 들어 잠드는 시간이 점차 늦어졌습니다.... ,일간 건강 정보,blog.naver.com/h7xjxie8,20260219
<b>불면</b> 불안 긴장완화에 천왕보심단 - 가정동일요일진료한의원,https://blog.naver.com/sangkakim1/224090895054,천왕보심단은 기본적으로 '심신이 허약할때' 불안 초조 긴장 <b>불면</b>에 사용됩니다. 한의학적 해석을... 즉 기본적으로 '허증'을 깔고 있는 사람의 불안 초조 긴장 <b>불면</b>을 치료하는데 도움이 되는 약입니다.... ,정본한의원 대표원장 공준호의 블로그입니다.,blog.naver.com/sangkakim1,20251203
서초역 정신건강의학과 수면장애 원인 단순한 <b>불면</b>이 아닙니다,https://blog.naver.com/june927/224197682504,서초역 정신건강의학과 수면장애 원인 단순한 <b>불면</b>이 아닙니다 수면장애 원인은 단순히 예민한 성격... 서초역 정신건강의학과 수면장애 원인 단순한 <b>불면</b>이 아닙니다 수면장애 원인 중 흔하게 관찰되는 것은... ,내 마음과 몸을 치유하는 Good Image Clinic,blog.naver.com/june927,20260227
"20년 병원 안 가고 살았지만, <b>불면</b>이 시작되자 나는 단호하게... ",https://blog.naver.com/wellness_120/224179774347,"문경의 하얀 눈 풍경을 마주하며, 나를 살피는 고요한 시간 20년 병원 안 가고 살았지만, <b>불면</b> 신호 앞에... 20년간 병원 없이 스스로를 보살펴온 제가, 최근 몸이 보내는 **'<b>불면</b>'**이라는 간절한 신호를 읽고 다시... ",산모롱이 활력마님의 노트,blog.naver.com/wellness_120,20260211
목이 굳으면 <b>불면</b>이 온다 — 자율신경 회복 루틴,https://blog.naver.com/ldeco77/224058489203,<b>불면</b>으로 고생하던 지훈 씨는 매일 자기 전 5분 목 스트레칭 루틴을 실천했습니다. 3일째 되던 날... <b>불면</b>의 진짜 원인은 ‘긴장된 목’ <b>불면</b>은 단순히 ‘스트레스 때문’이 아닙니다. 그 근원은 목의 긴장이에요.... ,생활 속 건강 메신저,blog.naver.com/ldeco77,20251030
일산 수면장애 원인 잠안오는이유 <b>불면</b> 각성,https://blog.naver.com/jessechoi03/224164048373,"일산 수면장애 원인 잠안오는이유 <b>불면</b> 각성 밤마다 눈을 감아도 생각이 많아져서 결국 잠들지... <b>불면</b>장애 환자 대상 후향적 관찰 연구 깊은 이완과 회복을 위한 치료 방법들 일산 수면장애 원인, 왜 잠이... ",haneumnetwork,blog.naver.com/jessechoi03,20260202
"찬바람 <b>불면</b> 무부터 먹어야 하는 과학적 이유, 건강에 좋은 무",https://blog.naver.com/kkjjhhlove/224143183058,"오늘은 찬바람 <b>불면</b> 무부터 먹어야 하는 과학적 이유, 건강에 좋은 무에 대한 포스팅입니다. 무 “겨울 무는 인삼과도 바꾸지 않는다”라는 말은 단순한 속담이 아닙니다. 예부터 우리 조상들은 계절이 바뀌면... ",김선생,blog.naver.com/kkjjhhlove,20260112
하모니편지 314 - <b>불면</b>은 질병이 아니고 생존을 위한 선택입니다,https://blog.naver.com/liji79/224148511646,만납니다 <b>불면</b>을 겪고 있는 분들은 대개 이렇게 말합니다. “너무 피곤한데 잠이 안 와요.” “몸은... 몸에서 일어나는 일은 다 이유가 있다고 했는데 <b>불면</b>은 도대체 무슨 신호일까요? 결론적으로 말씀드리면... ,국민약사 이지향,blog.naver.com/liji79,20260201
"갱년기 <b>불면</b>, 왜 꼭 새벽 3시에 깰까요?",https://blog.naver.com/dmswn1136/224193098792,"단순한 <b>불면</b>증이 아닙니다. **잠을 못 드는 문제가 아니라, 잠을 유지하지 못하는 ‘수면 유지 장애’**입니다. 갱년기 <b>불면</b>은 크게 5가지 유형으로 나눌 수 있습니다. 원인을 알면, 회복 방향도 완전히... ",돈불여,blog.naver.com/dmswn1136,20260224
"대구자율신경실조증 치료, <b>불면</b> 두통으로 병원 전전해도 원인... ",https://blog.naver.com/number10753/224198631299,"대구자율신경실조증 <b>불면</b> 두통, 병원 전전해도 원인 못 찾은 분만 읽어보세요 안녕하세요, 20년차... 대구자율신경실조증 <b>불면</b> 두통 자율신경실조증, 도대체 뭔가요? 자율신경은 우리가 의식하지 않아도 알아서... ",♣20년차 한의사 전문의 민영광 대표원장의 소통 공간,blog.naver.com/number10753,20260228
불안 우울 <b>불면</b>은 같이 오고 같이 사라진다.,https://blog.naver.com/leenagrim2/224088533617,오늘은 불과 <b>불면</b>은 왜 같이 오는가? 그 원인과 해결 방법에 대해서 말씀드리도록 하겠습니다. https... 저는 그때까지도 <b>불면</b>증이 정신과 소관인지 몰랐었습니다. 처음 방문했을 때는 약을 처방받았고 그래서... ,이낙림의 디오버런스,blog.naver.com/leenagrim2,20251126
춘천 교통사고 후유증 한의원이 말하는 '<b>불면</b>',https://blog.naver.com/rkdghdml86040/224179985188,춘천 교통사고 후유증 한의원이 말하는 '<b>불면</b>' 안녕하세요. 후한의원 (춘천) 김지유 원장입니다.... 오늘은 교통사고 후유증으로 '<b>불면</b>'이란 불청객이 찾아오신 분들을 위해서 글을 적어보고자 합니다. 피곤한... ,후한의원 춘천점,blog.naver.com/rkdghdml86040,20260211
<b>불면</b>에 좋은 한방환? 연자육환 효능 제대로 정리!,https://blog.naver.com/9453819chan/224192720241,"▶ 심신안정 과 <b>불면</b>개선 ◀ 심장을 보하고, 정신을 안정시키는 작용 스트레스, 불안, 예민함을 완화 가벼운 <b>불면</b>증, 자주깨는 증상에 도움 한방에서는 “양심안신”의 작용이 있다고 말합니다. (양심안신... ",동의한약나라 - 약초나라 한약이야기-,blog.naver.com/9453819chan,20260223
"심장이 뛰고 생각이 멈추지 않는 사람들, 이건 <b>불면</b>이 아니다”",https://blog.naver.com/haein6256/224154277072,결론부터 말하면 이 상태는 일반적인 <b>불면</b>증이 아니었다. 낮엔 멀쩡하고 밤에만 무너지는 사람들의... 지금의 <b>불면</b>은 병으로 가는 길이 아니라 신경계가 보내는 경고등에 가깝다. 문제는 잠이 아니라 계속 깨어... ,마음갤러리,blog.naver.com/haein6256,20260121
천왕보심단 기반 &lt;심진캡슐&gt; <b>불면</b> 가슴 두근거림에 효과 있는... ,https://blog.naver.com/eunho_22/224191394391,"심진캡슐은 천왕보심단을 기반으로 한 일반의약품으로, <b>불면</b>이나 초조함 및 가슴 두근거림 등 심음... 이러한 상태가 지속되면 <b>불면</b>, 초조, 번열(가슴 답답함과 열감), 건망 등 심신 증상이 나타날 수 있습니다.... ",365 평택 녹십자 약국,blog.naver.com/eunho_22,20260224
"환절기 <b>불면</b> 고민, 식물성 멜라토닌 조아제약 멜라톤 숙면... ",https://blog.naver.com/ryniyeoni/224083461052,"요즘 들어 환절기 <b>불면</b>이 심해져서 갱년기 남편과 쌍으로 뒤척이는 밤이 늘었는데요. 일시적 <b>불면</b>에는 멜라토닌이 좋고, 그 증세가 오래 이어지면 마그네슘이 도움 된다는 말을 들었던지라 국내 제약사 제품... ",알레나의 알쓸신잡,blog.naver.com/ryniyeoni,20251121
봄바람만 <b>불면</b> 왜 자꾸 사표를 쓰고 싶어질까?,https://blog.naver.com/minzzang2013/224193025985,"바람만 <b>불면</b> 왜 자꾸 사표를 쓰고 싶어질까? 부제: 충동과 타이밍의 차이, 어떻게 구분할까 봄바람이 조금만 불어도, 유난히 회사가 답답하게 느껴지는 계절입니다. 연봉 협상도 끝났고, 인사 이동도 정리됐는데... ",김쌤 커리어랩-인생의 방향을 정밀 분석하는 인사이트,blog.naver.com/minzzang2013,20260223
"<b>불면</b>의 밤, 멜라토닌으로 될까? 헷갈리는 잠 약의 진짜 차이",https://blog.naver.com/jo0257/224050504735,따라서 멜라토닌은 <b>불면</b>증 치료제가 아니라 ‘수면 보조제’에 가깝습니다. 시차 적응이 어렵거나... 일시적 불안·스트레스로 잠이 안 올 때 수면유도제 3.장기 <b>불면</b>·우울·불안이 동반된 경우 수면제 이렇게... ,심리학 오타쿠의 마음건강 사전,blog.naver.com/jo0257,20251023
"어지럼증, 소화불량, <b>불면</b>까지 - 자율신경 실조증 증상",https://blog.naver.com/danaanyeoju/223879666927,"소화불량, <b>불면</b>까지 -자율신경 실조증 증상 알 수 없는 증상이 반복된다면, 자율신경계의 균형부터 살펴야 합니다 최근 들어 특별한 병명이 나오지 않음에도 지속적인 어지럼증, 소화불량, 두근거림, <b>불면</b>증... ",중앙한방병원,blog.naver.com/danaanyeoju,20250527
쥐오줌풀 길초근 효능 (정서불안 신경증 <b>불면</b>),https://blog.naver.com/snswg/224076890073,"주로 <b>불면</b>증, 스트레스나 불안 증상, 갱년기 증상 완화에 많이 사용되는데요. 뇌를 진정시켜주는 가바 수용체에도 직접적으로 작용하기 때문에 정서불안, 신경증 등으로 인한 <b>불면</b> 증상 완화에도 사용되고... ",생활건강과 약 이야기,blog.naver.com/snswg,20251210
"심열이 원인인 증상들(불안, 입마름, 상열감, <b>불면</b>, 소화불량 등)",https://blog.naver.com/drlimht/224198195469,<b>불면</b> 밤에 자려고 누우면 우리 몸도 휴식을 준비합니다. 모든 것이 활성화된 낮과 달리 밤에는... 특히 <b>불면</b>증으로 인해 충분히 휴식하지 못하는 날이 계속되면 작은 피로들이 쌓이며 심장이 또 다시 지쳐서... ,소심해도 괜찮아,blog.naver.com/drlimht,20260227
[동대문 맛집] 진원조닭한마리 - 찬바람 <b>불면</b> 생각나는 담백하고... ,https://blog.naver.com/sielle83/224062964321,"해요 세상 부드럽고 고소한 K-치킨리조또 마무리까지 귯 소주 (5,000원 * 5병) 뜨끈한 국물로 몸 잘 데우고 갑니다.jyp 찬바람 <b>불면</b> 생각나는 따끈구수한 닭육수 국물 동대문 진원조닭한마리에서 수혈 잘하고 왔다!",여의도 직장인 문썬의 밥상 (舊 을지로),blog.naver.com/sielle83,20251107
자려고 누우면 가슴이 두근거리고 숨이 막히는 이유<b>불면</b>... ,https://blog.naver.com/pureoclinic/224153513474,"누우면 가슴이 두근거림·숨막힘·가슴답답함 <b>불면</b>·자율신경실조증 신호일까요? 낮에는 괜찮은데... 나오지만, <b>불면</b>·입면장애, 깊은 잠 부족이 계속되면서 불안과 자율신경실조증이 함께 의심되는 경우도... ","불안·공황·자율신경 , 정희진 한의사 칼럼",blog.naver.com/pureoclinic,20260120
"<b>불면</b>에 쓰는 산조인, 효과는 어떨까요?",https://blog.naver.com/leffebrown/223999750250,"오늘은 '<b>불면</b>'에 대해서 올려볼게요. 요즘 많은 분들이 잠을 못이루실 것 같습니다. 경기가 많이... 그래서 <b>불면</b>은 일과성으로 잠깐 왔다 괜찮았다를 반복하는 <b>불면</b>이 있고, 병적으로 심하게 오는 <b>불면</b>이... ","동탄 난임, 산후풍의 명가 아들딸한의원",blog.naver.com/leffebrown,20250908
식물성 멜라토닌 후기 – <b>불면</b> 개선 &amp; 숙면 루틴 변화 후기,https://blog.naver.com/oivaahetjo8/224152656247,"이걸 알고 나니까 ‘이건 한 번 꼭 먹어봐야겠다’ 싶어서 바로 검색 들어갔어요.ㅎㅎ 제 직장에서도 요즘 <b>불면</b>증 얘기가 은근 대화 주제였거든요. <b>불면</b> 개선을 위해서 고민하는 분들이 찾는다고 하던데, 저도... ",테더맥스(tetherMax),blog.naver.com/oivaahetjo8,20260120
정신과 약을 끊고 나서 <b>불면</b>이 심해진 이유,https://blog.naver.com/dosian_clinic/224068066217,"정신과 약을 끊고 나서 <b>불면</b>이 심해진 이유 ‘약을 끊었는데 더 잠이 안 온다’는 건, 몸이 아직 회복되지 않았다는 신호입니다. 약을 끊으면 왜 <b>불면</b>이 심해질까? “약을 줄였더니, 오히려 잠이 더 안 와요.”... ",도시안 한의원,blog.naver.com/dosian_clinic,20251107
"<b>불면</b>, 야식 대신 따뜻한 단백질 드링크",https://blog.naver.com/rlaejrtkd61499/224160056902,<b>불면</b>증 완화를 위한 야식 대안: 따뜻한 단백질 드링크의 효과 바쁜 일상을 마치고 늦은 밤 찾아오는... 밤에 마시기 좋은 단백질 드링크 종류와 선택법 <b>불면</b> 완화를 위해 야식 대신 선택할 수 있는 단백질 음료는... ,"성형·쁘띠·피부를 한 곳에서, 비엘성형외과",blog.naver.com/rlaejrtkd61499,20260126
갱년기 이후 내분비 변화로 인한 피로·<b>불면</b> 관리법,https://blog.naver.com/8799982/224069435042,"피로감이나 <b>불면</b>, 집중력 저하, 기분 변화 등을 경험하는 경우가 많습니다. 특히 에스트로겐은 뇌의 세로토닌과 멜라토닌 분비에 관여하는데, 이 호르몬의 균형이 깨지면 수면의 질이 떨어지고 자주 깨는 <b>불면</b>... ",김용기내과의원 입니다,blog.naver.com/8799982,20251108
"내란 이후의 <b>불면</b>, 그리고 깨어남",https://blog.naver.com/kmk4734/223991882479,"■내란 이후의 <b>불면</b>, 그리고 깨어남 지난해 12월 3일, 우리 사회를 뒤흔든 내란 사태 이후 나의 일상은... <b>불면</b>의 밤은 여전히 이어지고 있지만, 그 속에서 읽어낸 책과 역사, 그리고 깊어진 성찰은 나를 깨어 있게... ",김문교(심결),blog.naver.com/kmk4734,20250902
대전지루성피부염 찬 바람이 <b>불면</b> 찾아오는 붉어짐,https://blog.naver.com/altns272/224060112558,"대전지루성피부염 찬 바람이 <b>불면</b> 찾아오는 붉어짐 기온차가 크고, 바람이 건조하게 부는 가을이 되면, 유난히 얼굴이 붉어지고 가렵다고 호소하는 사람들이 많아집니다. 아침저녁으로 쌀쌀한데 낮에는 햇살이... ",포 마이 베이비,blog.naver.com/altns272,20251031
창원정신과 질환 새벽 각성 스트레스 <b>불면</b> 개선은,https://blog.naver.com/jessechoi03/224115688666,"창원정신과 질환 새벽 각성 스트레스 <b>불면</b> 개선은 하루 종일 피곤한데, 막상 자려고 하면 잠이 안 와요... 하지만 뚜렷한 새벽 각성 스트레스 <b>불면</b>증 원인이 나오지 않거나 수면제를 복용하는 것 외에 뾰족한... ",haneumnetwork,blog.naver.com/jessechoi03,20251221
대구<b>불면</b>증상담 만성 <b>불면</b>으로 이어지기 전 원인 점검 가이드,https://blog.naver.com/2maum1199/224192372427,지속된다면 대구<b>불면</b>증상담을 통해 원인을 점검해 보는 것이 필요합니다. 수면이 무너지면 생기는... 그래서 반복되는 <b>불면</b> 증상은 단순 피로로 치부하지 않는 것이 좋습니다. 필요하다면 대구<b>불면</b>증상담을 통해... ,이두형 정신건강의학과 부설 두 마음 상담 연구소,blog.naver.com/2maum1199,20260223
단순 <b>불면</b>과 수면장애의 차이❗❓ 비슷해 보이지만 다른... ,https://blog.naver.com/zamdoctor/224155645895,"<b>불면</b>증·수면부족·과다수면 등 수면 치료 한의원, 자미원한의원입니다. 잠을 잘 못 잔다고 느끼는... 이러한 경우를 흔히 ‘<b>불면</b>’이라고 표현하지만, 모든 <b>불면</b>이 동일한 상태를 의미하는 것은 아닙니다. 즉... ",잠박사의 행복한 잠,blog.naver.com/zamdoctor,20260127
"<b>불면</b> 극복, 발 모양이 바뀌어야 합니다(실제후기)",https://blog.naver.com/leenagrim2/223974613483,이번 영상 및 포스팅의 주제는 <b>불면</b> 극복입니다. <b>불면</b> 극복을 위해선 발모양이 바뀌어야 한다는 주제로 몸과 마음의 통합적인 사고와 <b>불면</b> 극복의 근본적인 해결까지 모두 얻을 수 있게 됩니다. 영상을 꼭... ,이낙림의 디오버런스,blog.naver.com/leenagrim2,20250818
"4종 마그네슘으로 편두통, 근육통, <b>불면</b>을 해결해보세요",https://blog.naver.com/lhjcptgm/224151756534,"간단하게 마그네슘 부족증을 정리하면 근육경련, 눈 떨림, 만성 피로, 두통, <b>불면</b>, 짜증, 우울감, 부정맥, 고혈압 등이 발생할 수 있습니다. 마그네슘의 종류 https://www.esocialtimes.com/news/articleView.html?idxno=31462... ",고양시 다온약국,blog.naver.com/lhjcptgm,20260119
"생각이 많아 잠이 안 올 때 - <b>불면</b>, 수면장애 치료에 도움을",https://blog.naver.com/pureoclinic/224123548994,"잠들기까지 1시간, 생각이 많아 잠이 안 올 때 <b>불면</b>·수면장애 관리에 도움을 줄 수 있도록 설계된... 수면 리듬 고려 설계 심비양허 패턴의 대표적인 <b>불면</b> 양상(입면곤란, 다몽, 잦은 각성)을 겨냥한 한방 처방을... ","불안·공황·자율신경 , 정희진 한의사 칼럼",blog.naver.com/pureoclinic,20251226
"노년기의 <b>불면</b>과 우울: 염증, 몸의 신호가 마음을 흔들 때",https://blog.naver.com/doctorgeek/224058689646,"노년기의 <b>불면</b>과 우울: 염증, 몸의 신호가 마음을 흔들 때 1) “잠”은 감정의 회복력입니다 나이가... 3) 왜 <b>불면</b>이 있으면 정서가 더 취약해질까요? <b>불면</b>이 오래 지속되면 뇌와 몸에 몇 가지 변화가 생깁니다.... ","아, 맞다! 나 진료 중이었지",blog.naver.com/doctorgeek,20251030
홍삼 먹고 잠 안 오는 이유 <b>불면</b> 생기는 원인과 복용 시간,https://blog.naver.com/bibn5654/224186488657,"홍삼 성분과 각성 작용, 복용 시간에 따른 수면 영향, <b>불면</b>이 생기는 원인과 해결 방법까지 한눈에... 이런 분들은 더 주의 평소 <b>불면</b> 경향이 있는 경우 스트레스가 높은 상태 카페인 민감 체질 이 경우에는 오전... ",건강식품 전문 다온농원마켓,blog.naver.com/bibn5654,20260217
교감신경 항진이 불러오는 불안과 <b>불면</b>,https://blog.naver.com/dosian_clinic/224079813931,"교감신경 항진이 불러오는 불안과 <b>불면</b> “이유 없이 계속 긴장돼요.” “누워도 가슴이 두근거리고... 불안과 <b>불면</b>의 근본 원인, 교감신경 과활성 우리 몸의 자율신경은 하나는 가속페달인 교감신경, 다른 하나는... ",도시안 한의원,blog.naver.com/dosian_clinic,20251118
"찬 바람 <b>불면</b> 생각나는 겨울 별미, 생굴 무침회 세팅 &amp; 손질 및... ",https://blog.naver.com/recipekorea/224036919338,"찬 바람 <b>불면</b> 생각나는 겨울 별미, 생굴 무침회 세팅 &amp; 손질 및 보관 방법 출처 - 레시피코리아 레시피코리아 제철 요리 창업 레시피 중 찬 바람 <b>불면</b> 생각나는 겨울 별미, 생굴 무침회를 세팅하기와 굴 손질 및... ",업소용레시피 전문 레시피코리아,blog.naver.com/recipekorea,20251010
"인천 자율신경검사 두근거림, 어지럼, <b>불면</b> 증상 지속된다면",https://blog.naver.com/revolution3292/224197777488,"인천 자율신경검사 두근거림, 어지럼, <b>불면</b> 증상 지속된다면 검사는 괜찮다는데도 계속 두근거리고... 두근거림, 어지럼, <b>불면</b> 등 다양한 증상이 함께 나타나는 이유 2. 자율신경검사가 필요한 경우 3. 동반 양상을... ",365스마일 한의원,blog.naver.com/revolution3292,20260227
"거제 중곡동 맛집 :: 찬바람 <b>불면</b> 생각나는 그 국물, '뚝심... ",https://blog.naver.com/jooyb/224111935538,"거제 중곡동 맛집 :: 찬바람 <b>불면</b> 생각나는 그 국물, '뚝심' 재방문 후기 (게장 무한리필 ) 한번 다녀오고... 다음에도 찬 바람 <b>불면</b> 또 올게요, 사장님! 오늘도 잘 먹었습니다. ❤️ #거제맛집 #거제도맛집... ",물괴기의 이런것 저런것,blog.naver.com/jooyb,20251216
피로감 쥐 <b>불면</b>... 마그네슘 부족 증상 5가지,https://blog.naver.com/pdmho92/224017109516,<b>불면</b>.. 잠을 깊게 못 자고 자주 깨는 경우 요즘 <b>불면</b> 때문에 고생하는 분들도 많죠 저도 한동안 자다 깨다를 반복하니까 다음 날 너무 힘들더라고요 마그네슘은 신경계를 안정시켜주는 GABA라는 신경전달물질의... ,"살림에 감성비, 가성비를 더하다",blog.naver.com/pdmho92,20250922
<b>불면</b>은 의지가 아니라 리듬의 문제다 ... 보라매병원... ,https://blog.naver.com/hnewskr/224164993574,<b>불면</b>은 의지가 아니라 리듬의 문제다 “잠을 못 잔다”는 말 뒤에 숨은 서로 다른 수면의 얼굴들 잠들기 어려움·수면 유지 문제·조기 각성은 다르다 완벽한 숙면보다 안정적인 리듬이 목표 [현대건강신문] <b>불면</b>... ,현대건강신문,blog.naver.com/hnewskr,20260130
찬바람이 <b>불면</b> 손이 벗겨지는 박탈성 각질 융해증,https://blog.naver.com/zion0228/224092496921,"찬 바람 <b>불면</b> 손 껍질이 벗겨져요? 박탈성 각질 융해증일 수도! (원인, 증상, 관리법) 안녕하세요! 가을... 왜 찬 바람 <b>불면</b> 더 심해질까요? 원인은? 박탈성 각질 융해증은 여러 요인으로 인해 발생할 수 있지만... ",부스러기,blog.naver.com/zion0228,20251129
백경정 &lt;<b>불면</b>일&gt; 1화-5화 후기/ 부산해 랜덤굿즈 뽑기 중독,https://blog.naver.com/jolintsai/224014051229,그래서 <b>불면</b>일에서 형사역할이라고 했을때 크랭크인전부터 엄청 기대하고 기다리고 있었다. 게다가... 편인데 <b>불면</b>일은 1화 오프닝부터 한편의 영화를 보는것 같았다. 제작비 좀 쓴듯? 모미바이오 사장을 살해... ,SEIZE THE DAY,blog.naver.com/jolintsai,20250919
파킨슨병의 <b>불면</b>・낮의 졸음을 어떻게 막나？ 야간의 증상과 잘... ,https://blog.naver.com/changsoo_kim/224189553668,"파킨슨병의 <b>불면</b>・낮의 졸음을 어떻게 막나？ 야간의 증상과 잘 활용하는 수면대책법 坪田 聡 (의사... 수면장해의 종류는, <b>불면</b>증이나 낮 동안의 강한 졸음, REM수면행동장해, 불안다리증후군 등 여러 가지。... ",changsoo_kim님의 블로그,blog.naver.com/changsoo_kim,20260220
"성북구 정신과 상담 | 우울 불안 <b>불면</b>, 병원에 가야 할 때를... ",https://blog.naver.com/whitekmg96/224173825524,"성북구 정신과 상담 | 우울 불안 <b>불면</b>, 병원에 가야 할 때를 고민하신다면 #성북구정신과 #성북구정신과상담 #성북구정신건강의학과 #성북구우울증 #성북구<b>불면</b>증 정신건강의학과를 떠올리면 아직도 정신질환이... ",미아정신건강의학과,blog.naver.com/whitekmg96,20260206
"두근거림, 소화불량, <b>불면</b>이 한꺼번에 나타나는 이유",https://blog.naver.com/pureoclinic/224107314147,"정밀한진단 따뜻한진료 맑음한의원 <b>불면</b>, 두근거림, 소화불량, 만성피로, 손발냉증, 어지러움… 왜... 않아요.” <b>불면</b>, 두근거림, 소화불량, 만성피로, 손발냉증, 어지러움… 겉으로는 서로 다른 증상처럼... ","불안·공황·자율신경 , 정희진 한의사 칼럼",blog.naver.com/pureoclinic,20251212
뇌파측정 · 귀반사로 이명 · <b>불면</b>의 원인을 찾고 무료뇌파훈련,https://blog.naver.com/gs88245/224133393119,"“갑자기 시작된 이명, 왜 치료가 쉽지 않을까요?” 이명과 <b>불면</b>은 병이 아니라 뇌가 보내는 ‘쉬고 싶다’는 신호이다. #뇌파측정과 #귀반사로 알아채는 이명과 <b>불면</b>증 토정비결 운세는 미래를 말하고 뇌파는... ",파낙토스대전중부센터 042 487 6675,blog.naver.com/gs88245,20260104
"<b>불면</b>의 밤, 이제 끝! 단 5가지 습관으로 숙면하는 법",https://blog.naver.com/kkjjhhlove/224051947820,"오늘은 <b>불면</b>의 밤, 이제 끝! 단 5가지 습관으로 숙면하는 법에 대한 포스팅입니다. <b>불면</b>증 시계 바늘이 새벽을 향해가도 잠은 오지 않고, “내일 또 피곤하겠지…” 하는 생각만 깊어지신 적 있으신가요? <b>불면</b>은... ",김선생,blog.naver.com/kkjjhhlove,20251024
트라린정 25mg 50mg 100mg 효과 부작용 식욕 <b>불면</b> 단약방법,https://blog.naver.com/dosian_clinic/224073340992,"트라린정 25mg 50mg 100mg 효과 부작용 식욕 <b>불면</b> 단약방법 “불안은 좀 줄었는데, 요즘 잠이 안 와요.”... 불안, <b>불면</b>, 예민한 반응 완화 트라린정의 강점은 신경을 진정시키면서도 졸림이 심하지 않다는... ",도시안 한의원,blog.naver.com/dosian_clinic,20251112
"약 없이 <b>불면</b>·불안·우울을 해결한 진짜 후기, 이낙림의... ",https://blog.naver.com/nagune1234/224047266706,"극복할 수 있을까?” <b>불면</b>, 불안, 우울, 무기력, 자존감 저하, 만성통증 수많은 사람들이 이 문제를... 디오버런스 이낙림 대표는 과거 정신과 약물 치료에도 불구하고 공황장애와 <b>불면</b>으로 고통을 겪었고... ",태태파파,blog.naver.com/nagune1234,20251020
"청심연자탕, 태음인(목체질)인데 불안·우울증.<b>불면</b>이 있으신가요?",https://blog.naver.com/haegaon02/224177445688,"청심연자탕, 태음인(목체질)인데 불안·우울증.<b>불면</b>이 있으신가요? 안녕하세요. 대전 둔산동... 실제 치료 사례: 3년간 <b>불면</b>증으로 고생한 50대 여성 &lt;&gt; 한 여성분이 찾아오셨습니다. 3년 전부터 잠을 제대로 못... ",대전둔산동해가온한의원,blog.naver.com/haegaon02,20260209
<b>불면</b>은 살림밑천 &amp; 생강 에센스,https://blog.naver.com/nomadtour/224187660846,"누군가는 딸이 살림 밑천이라던데, 내게는 <b>불면</b>이 살림 밑천이다. 세상 살아오며 불편하던 관계와 사양하고 싶던 일들과 버릴 습관, 습벽도 집안 가득 찬 저 생강냄새로 다 날렸으면 좋겠네...","일상 & 자전거 여행, 그리고 따뜻한 파랑",blog.naver.com/nomadtour,20260219
ADHD <b>불면</b> 수면장애 등 뇌파검사로 나의 뇌건강 상태 체크하기,https://blog.naver.com/apitools/224054724609,"ADHD·<b>불면</b>·수면장애, 내 뇌는 지금 어떤 상태일까? 요즘 집중력 저하, <b>불면</b>, 스트레스성 두통, 또는 감정 기복으로 고생하시는 분들 많죠? 이 모든 것이 결국 ‘뇌의 밸런스’와 관련이 있습니다. 예전에는... ",SHARER : 좋은건 나누는 사람,blog.naver.com/apitools,20251027
"대구 죽전역 <b>불면</b> 관리 [피로 누적, 수면 부족 동시에 해결]",https://blog.naver.com/flfek3000/223983113976,"대구 죽전역 <b>불면</b>관리를 찾아오시는 분들의 이야기는 대부분 비슷해요. &quot;분명히 피곤한데도 밤만 되면... 저는 달서구 감삼동 청아피부체형관리실 원장으로서, <b>불면</b>과 피로로 힘들어하는 고객들을 꾸준히... ",대구 달서구 윤곽관리 안면비대칭 전문,blog.naver.com/flfek3000,20250825
밤이 무서워요&quot; – 20~30대 수험생 불안·두근거림·<b>불면</b> 이야기,https://blog.naver.com/pureoclinic/224151800621,또 직장인분들중 퇴근만 하면 갑자기 불안·두근거림·<b>불면</b>이 심해지신다는 분들도요. 공시생과 직장인... 자율신경·<b>불면</b>의 메커니즘을 함께 풀어 말씀드려 보겠습니다. 1. 공시생·직장인이 공통으로 하는 말... ,"불안·공황·자율신경 , 정희진 한의사 칼럼",blog.naver.com/pureoclinic,20260119
"수험생 <b>불면</b>·두통·복통, 검사는 괜찮은데 왜 이렇게 아플까요?",https://blog.naver.com/pureoclinic/224115318832,"수험생 <b>불면</b>·두통·복통, 검사는 괜찮은데 왜 이렇게 아플까요? 밤만 되면 뒤척이며 잠이 오지 않고... 눈에 보이는 구조적 이상은 없어도, 몸을 조절하는 기능이 무너져 <b>불면</b>·두통·복통으로 신호를 보내는... ","불안·공황·자율신경 , 정희진 한의사 칼럼",blog.naver.com/pureoclinic,20251219
“잠 안 와서 폰 보는데…” 알고 보니 <b>불면</b>·우울의 주범이었다,https://blog.naver.com/serve_as_servant/224158189254,"어쩐지 잠 안 오더니… 스마트폰 중독, 우울증 위험 2.8배 서울신문 과도한 스마트폰 사용이 <b>불면</b>증과... <b>불면</b>증 평가에 스마트폰 사용 습관 같은 디지털 행동 정보까지 함께 봐야 한다는 제안도 등장했다. 핵심... ",아름다운 동행,blog.naver.com/serve_as_servant,20260124
마트에 쌀이 없다니.. 그 덕에 양갈비 / <b>불면</b>의 밤,https://blog.naver.com/diatom79/224072599413,"그런데..! 이동네, 저도시 칼로스쌀이 떨어진건 누구 때문일까. 칼로스는 서남아 사람들 잘 안먹음. 동남아 사람도 잘 안먹음. 음... 일조량 떨어지기 시작하니 슬슬 고개를 내미는 <b>불면</b>증. <b>불면</b>의 밤.",김마리의 세상사는 이야기,blog.naver.com/diatom79,20251111
"커피, 사람마다 다른 불안과 <b>불면</b>의 이유:카페인의 마법 혹은... ",https://blog.naver.com/science815/224181137755,"커피, 사람마다 다른 불안과 <b>불면</b>의 이유: 카페인의 마법 혹은 속임수? I. 서론 우리가 커피를 찾는 진짜... 이 경우 잠들기 어렵고, 가슴이 두근거리거나 불안·초조함이 올라오는 등 <b>불면</b>으로 이어질 가능성이... ",박철원 박사 유해성분 교실,blog.naver.com/science815,20260212
"찬바람이 <b>불면</b>~ 수족냉증,면역 활성에 도움 되는 황기차",https://blog.naver.com/wjdeka88/224072671757,"찬바람이 <b>불면</b> 집 안에서도, 이불 속에서도 차디 찬 배를 쓱슥 문지르게 되고, 수족냉증에 불편함을 갖게 되는 계절이 시작된다 냉한 손발, 복부의 원인은 갑상선 호르몬 문제나, 순환장애. 높은 염증 지수... ",영양학과 한의학 기반 맞춤형 식이요법과 건강음식,blog.naver.com/wjdeka88,20251111
바람<b>불면</b> 눈물 도대체 이유가 뭔가요?,https://blog.naver.com/foftenhousee/224192799338,"오늘은 바람<b>불면</b> 눈물, 그리고 바람<b>불면</b> 눈물이 나는 이유에 대해 안과 의료진의 시선에서 차분하게 설명드리려고 합니다. 왜 이런 현상이 생기는지 이해하면 불필요한 걱정을 줄이는 데 도움이 될거라고... ","안과의 표준, 아이유안과",blog.naver.com/foftenhousee,20260223
"대전 <b>불면</b>증 한의원, 반복되는 <b>불면</b> 치료하면 다시 깊이 잘 수... ",https://blog.naver.com/upernat6683/224193054889,"#대전<b>불면</b>증한의원 #<b>불면</b>증치료 #WAY1 한편 대전 <b>불면</b>증 한의원, 반복되는 <b>불면</b> 치료하면 다시 깊이 잘 수 있나요? 이와 함께 도움이 되는 관련글을 정리해 보았어요 잠을 자야 한다는 생각이 오히려 부담이... ",♥해아림한의원 전국16지점,blog.naver.com/upernat6683,20260223
"구미 수면장애 · <b>불면</b> · 깊이 잠들지 못할 때, 잠의 질이... ",https://blog.naver.com/boiling49050/224163716705,"흔히 ‘<b>불면</b>’이라고 표현하거나, 잠을 자도 개운하지 않은 상태를 ‘수면의 질 저하’라는 용어로... 수면장애 · <b>불면</b>은 어떤 상태를 의미할까? 구미 김천 한의원 <b>불면</b> 수면장애 수면과 관련된 불편감은 신체의... ",도침으로 통증치료하는 오월의한의원,blog.naver.com/boiling49050,20260129
"두통, <b>불면</b>, 지실치자시탕",https://blog.naver.com/dreamojj/224169320683,"<b>불면</b>과 잦은 두통을 호소하는 환자였습니다. 예전에 가슴답답함이 있었고, 지금은 가슴답답함이 별로 없다고 하였습니다. 두통은 <b>불면</b>으로 인해서 속발적으로 오는 것으로 생각했습니다. 가장 근본적이고... ",골반근육,blog.naver.com/dreamojj,20260202
<b>불면</b>과 만성피로의 원인을 찾게해준 이낙림의 디오버런스,https://blog.naver.com/jwfanta/224044242580,해당포스팅은 업체로부터 원고료를 지원받아서 작성되었습니다 이낙림의 디오버런스에서 <b>불면</b>과 만성피로의 원인을 속시원히 찾다 ft.검증된 후기만 수백개 <b>불면</b>/불안/우울/무기력/공허 낮은자존감... ,빅테이블 홈,blog.naver.com/jwfanta,20251017
"극복, 드디어 푹잤어요! 일주일이면 푹자는 <b>불면</b>케어 찐감사후기",https://blog.naver.com/vixxidiet/224197320526,"'일주일이면 푹자는 <b>불면</b>케어' 라고 하지만, 빠르면 당일, 늦어도 3일이면 푹잘수 있습니다. he**님은 증상이 너무 심하셔서 약간 걱정은 되었어요. 처음 갱년기<b>불면</b>이 찾아왔을때 현명하게 넘기지 못하셔서... ","단기다이어트, 승리로운 유지생활",blog.naver.com/vixxidiet,20260226
"<b>불면</b> 원인, 잠이 안 오는 진짜 이유 <b>불면</b> 치료 방법 잠편안",https://blog.naver.com/dosian_clinic/224118842284,"<b>불면</b> 원인, 잠이 안 오는 진짜 이유 <b>불면</b> 치료 방법 잠편안 <b>불면</b> 원인 <b>불면</b>의 종류부터 다릅니다 <b>불면</b>으로 상담을 하다 보면 가장 많이 듣는 말이 있습니다. 잠이 안 오긴 하는데 왜 안 오는지는 모르겠어요.... ",도시안 한의원,blog.naver.com/dosian_clinic,20251222
40대 수면부족 <b>불면</b>고민 셀핀다가바 유산균 후기!,https://blog.naver.com/zzzz1n/224097642775,부모님도 요즘 <b>불면</b>증으로 고생하셔서 제가 먼저 섭취해보고 좋아서 사드렸어요~ 갱년기 스트레스 <b>불면</b>고민이 있는 분들도 많이 드시더라고요~ 보존료 첨가물 일체 넣지 않은 안전한 100% 발효가바 입니다~ 저녁... ,DECOMAMA의 먹생먹사,blog.naver.com/zzzz1n,20251204
팔팔호랑이 쌍화프레소 피로회복에 좋은차 <b>불면</b>에도 좋은... ,https://blog.naver.com/ggamgi2327/224054082696,남편이 요즘 커피를 먹는양이 늘었는데 어느 순간 <b>불면</b>이 심해지고 가슴이 두근거릴 때가 많다고... 남편이 <b>불면</b>때문에 많이 힘들어했는데 쌍화프레소가 도움이 많이 되었어요! 팔팔호랑이 공식몰 리뷰에서도... ,라라뷰리 : 뷰리와 라라둥이,blog.naver.com/ggamgi2327,20251026
바람만 <b>불면</b> 눈물 줄줄 눈물흘림증 실리콘관삽입술,https://blog.naver.com/asssur6470/224115586030,바람만 <b>불면</b> 눈물 줄줄 눈물흘림증 실리콘관삽입술 찬바람이 불기 시작하면 안과를 찾는 환자분들의... 바람 <b>불면</b> 눈물 줄줄 흐른다면 바람 <b>불면</b> 눈물 줄줄 흐른다면 바람 <b>불면</b> 눈물 줄줄 흐른다면 바람 <b>불면</b>... ,안성형 전문 나무안과,blog.naver.com/asssur6470,20251219
알프람정 0.5mg- 불안·공황·<b>불면</b> 보조 치료용... ,https://blog.naver.com/rlumbini/224188561786,"스틸녹스CR정 6.25는 <b>불면</b>증 치료용 졸피뎀계 수면제, 7. 알프람정 0.5mg- 불안·공황·<b>불면</b> 1. 트렐리지 엘립타: 만성 폐질환 (COPD) / 폐섬유화 2. 삼아로플루정 500mcg (레보플록사신) : 폐렴 / 호흡기 감염 3.... ",은평구 노인돌봄 방문요양 신사 역촌 구산 응암 대조,blog.naver.com/rlumbini,20260219
월평동 맛집 찬바람 <b>불면</b> 생각나는 통영굴나라,https://blog.naver.com/jinah0213/224066203656,솔솔 <b>불면</b> 제일 먼저 생각나는게 월평동 굴국밥 맛집 통영굴나라! 가 일번으로 생각난답니다. 올해도... 건더기 좀 건져먹다가 밥 푹~말아서 후루룩 후루룩 먹는데 온 몸이 뜨끈해지더라구요 :) 찬바람 <b>불면</b>... ,진아별 :),blog.naver.com/jinah0213,20251106
오징어짬뽕  찬바람이 <b>불면</b> 생각나는 오징어요리 숙주 더해서... ,https://blog.naver.com/tellme601/224072721339,#오징어짬뽕 #오징어 #냉동오징어 #오징어짬뽕만드는법 #집에서짬뽕만드는법 찬바람이 <b>불면</b> 생각나는 요리 냉동 오징어는 늘 냉동실에 있어요. 채썬 양배추도 있고 해서 만들어 먹는 요리 푸짐하게 숙주까지... ,단호박의 이지쿠킹!!,blog.naver.com/tellme601,20251114
<b>불면</b>에 도움! 만년해로 식물성멜라토닌 2mg 체험기,https://blog.naver.com/lllshlovelll/224033208548,<b>불면</b>에 도움! 만년해로 식물성 멜라토닌 2mg 밤마다 뒤척이다 보면 숙면이 얼마나 중요한지 절실히... 가끔 <b>불면</b>을 느끼는 사람에게 딱 맞더라구요. 섭취 방법 &amp; 맛 미국산 프리미엄 피스타치오&amp;제주산 감태... ,규리랑 소소한일상,blog.naver.com/lllshlovelll,20251006
신논현역 닭볶음탕 맛집 찬바람 <b>불면</b> 생각나는 한사발포차... ,https://blog.naver.com/goindol71/224077807737,신논현역 닭볶음탕 맛집 찬바람 <b>불면</b> 생각나는 회식장소 한사발포차 논현점 바람만 불어도 따듯한 국물이 생각나는데 해가 없어서 흐린 날이라 칼칼한 맛까지 당기더라고요. 그래서 퇴근길에 식사 겸... ,캠핑하는 쭈니네,blog.naver.com/goindol71,20251116
<b>불면</b>일 잠들 수 없는 하루 중국 드라마 추천 출연진 ott 어디?... ,https://blog.naver.com/blanche15/224017491728,"ott 아이치이에서도 감상가능하다고 하니 가입되어 있는 걸 우선적으로 보시면 될듯해요 ㅎㅎㅎ <b>불면</b>일... 몇 부작: 총 16부작 장르: 미스테리 수사물 출연: 백경정, 문영산, 송양, 류혁군 <b>불면</b>일 잠들 수 없는... ",블랑부케'story,blog.naver.com/blanche15,20250923
<b>불면</b>일 잠들 수 없는 하루 후기 초능력자 넷플릭스 중드 추천,https://blog.naver.com/worldrama/224011802184,"<b>불면</b>일 잠들 수 없는 하루 후기 초능력자 넷플릭스 중드 추천 중국 드라마 <b>불면</b>일: 잠들 수 없는 하루 방영이 시작되었습니다. 중드 <b>불면</b>일 (不眠日, Mobius) 은 백경정 배우 주연 타임루프 수사물입니다. &lt;개단&gt;을... ",스크린 관찰자 은빛유니콘,blog.naver.com/worldrama,20250917
[중드 추천] 중국 미스터리 수사 드라마 不眠日 <b>불면</b>일 : 잠들... ,https://blog.naver.com/violet1437/224074419280,"중국 미스터리 범죄 수사 드라마 &lt;<b>불면</b>일 : 잠들 수 없는 하루&gt; 이 드라마를 시작하면 진짜 잠도 못자고... 누가 모위안즈를 죽이려 하는가, 범인은 누구인가, 숨겨진 비밀은 뭔가, 이제부터 딩치의 <b>불면</b>일이... ",바이올렛 향기 내리는 숲,blog.naver.com/violet1437,20251114
노인 <b>불면</b> 예방 6주 &lt;슬기로운 수면생활&gt; 분당노인복지관... ,https://blog.naver.com/myorbit0/224065907206,"[슬기로운 수면생활] <b>불면</b>예방 및 건강한 수면 습관 형성을 위한 6주 집단 상담 프로그램 &quot;아로마테라피와 마음챙김으로 숙면의 문을 열다&quot; <b>불면</b>은 노인분들에게는 크나큰 고민입니다. 스트레스, 수면 패턴의... ","하루:힐(Haru:heal), 통합 힐링 플렛폼",blog.naver.com/myorbit0,20251105
<b>불면</b> 해결! 카페인 없이 숙면 돕는 피로회복차 ‘쌍화프레소’... ,https://blog.naver.com/jwlsrkd/224051277560,"<b>불면</b> 해결! 카페인 없이 숙면 돕는 피로회복차 ‘쌍화프레소’ 리얼체험기 <b>불면</b> 해결! 카페인 없이 숙면 돕는 피로회복차 ‘쌍화프레소’ 리얼체험기 퇴근 후에도 피로가 쌓이고, 밤에는 쉽게 잠이 오지 않아... ",다시 한번,blog.naver.com/jwlsrkd,20251023
2025년 배당주 투자 일기 - 찬바람 <b>불면</b> 배당주? 직접 해보니... ,https://blog.naver.com/jisoda_njob_lab/224126255511,찬바람 <b>불면</b> 배당주라는 말처럼 배당락 전·후 전략과 한일시멘트 배당주 실투자 경험을 솔직하게... “찬바람이 <b>불면</b> 배당주.” 저는 대략 5~6년 전부터 연말 시즌이 되면 배당주 투자를 꾸준히 해오고... ,지소다 N잡 실험실,blog.naver.com/jisoda_njob_lab,20251229
김포 교통사고 <b>불면</b> 우울 치료 한의원의 비결은?,https://blog.naver.com/cheongdamchae_clinic/224162405015,"하지만 실제로는 <b>불면</b>, 우울감, 불안, 집중력 저하처럼 내적인 변화가 함께 발생하는 사례가 흔합니다.... 또한 <b>불면</b>은 단순한 신경 문제뿐 아니라 신체적인 통증과도 연관됩니다. 목과 허리에 긴장이나 통증이... ",김포청담채한의원,blog.naver.com/cheongdamchae_clinic,20260128
"윤희숙, &quot;李, <b>불면</b>의 밤 지새우며 '비판자 악마 만들기' 전략... ",https://blog.naver.com/zoomin0313/224185337056,윤 전 의원은 이날 &quot;어제 새벽에 이재명 대통령이 국민의힘을 향해 부동산 공개 질의를 했다&quot;며 &quot;<b>불면</b>의 밤을 지새우며 '비판자 악마 만들기' 전략을 꺼내 든 이유는 뻔하다&quot;고 말했다. 윤 전 의원은 &quot;그동안... ,'필염산하(筆染山河)',blog.naver.com/zoomin0313,20260216
<b>불면</b>도주여행 - 0. 프롤로그,https://blog.naver.com/gs-study/224186082734,난 <b>불면</b>의 왕이었다. 첫 문장부터 중2병이 돋아나고 있으나 정말로 <b>불면</b> 킹이었다. 최대로 못 잔건 대학교때 5일 밤을 꼬올딱 샌 적이다. 게임을 하거나 과제로 밤 샌게 아니라 눕지만 잠을 1도 못자는 그 상태로.... ,괴수의 공부방,blog.naver.com/gs-study,20260217
중국드라마] <b>불면</b>일(잠들수없는 하루),https://blog.naver.com/eosdh/224028646128,어느날 중국 드라마 카페에 <b>불면</b>일이 너무 재밌다는 글이 올라와 너무 궁금해서 덕메에게 얘기하니... <b>불면</b>일은 개단처럼 타임루프드라마.. 일반드라마와는 조금 다른 타임루프다... 색다른맛이 있고 어떻게 될지... ,기다림의 미학,blog.naver.com/eosdh,20251001
[중드] <b>불면</b>일_잠들 수 없는 하루,https://blog.naver.com/kelly3198/224066165700,3일간 폐인모드 하하 에잇 수영 가야 하는데 <b>불면</b>일 땜시 포기함.. ㅎㅎ 내일 가야지.. (내일가서 화목 등록하고..) 티빙에는 <b>불면</b>일 넷플릭스에는 잠들 수 없는 하루 출처 티빙_<b>불면</b>일 넷플릭스_잠들 수 없는 하루... ,올레맘세포의 일상,blog.naver.com/kelly3198,20251105
찬바람이 <b>불면</b> 가지차만들기 가지차단체수업 가평꽃차교육원,https://blog.naver.com/jungah5272/224014071310,하늘이 높고 찬바람이 <b>불면</b> 가지가 주렁주렁 많이 달립니다 가지차 만들기 가지차효능 꽃차 단체수업 단체체험 찬바람이<b>불면</b> 가지가 주렁주렁 많이 열립니다 가지 모종 3개 심어 그동안 한두개씩 열려... ,꽃차명인 김정애,blog.naver.com/jungah5272,20250919
[맛보기 감상] <b>불면</b>일 : 잠들 수 없는 하루 1화 리뷰,https://blog.naver.com/review_on_today/224011644998,"오늘 맛보기 리뷰의 주인공은 한국에 난홍 열풍, 쌍옌 열풍을 일으킨 #백경정 의 신작, 미스터리 범죄 드라마 #<b>불면</b>일 #잠들수없는하루 입니다♂️ <b>불면</b>일은 현재 아이치이, 넷플릭스에서 한글자막으로 볼 수... ",REVIEW ON TODAY,blog.naver.com/review_on_today,20250917
찬바람 <b>불면</b> 미떼 한박스,https://blog.naver.com/leehaksoon/224108018595,"&quot;이 포스팅은 네이버 쇼핑 커넥트 활동의 일환으로, 판매 발생 시 수수료를 제공받습니다.&quot; 찬바람 <b>불면</b> 미떼 한박스 나 광고에 길들여진거 맞음??? 따순바람 <b>불면</b> 립톤아이스티 준비하고 찬바람 <b>불면</b> 미떼 한잔... ",삽질하는 Le'a의 책 읽는 놀이터,blog.naver.com/leehaksoon,20251213
<b>불면</b>에 관하여,https://blog.naver.com/kenpa44/224161064918,"없어&gt; <b>불면</b>의 밤을 보내다가, 오규원 시인 말마따나 &lt;문득 내가 잘못 살고 있다는 느낌&gt;에 더욱... 지금 생각해 보니 지난 <b>불면</b>은 박연준 작가 말마따나 &lt;어제의 반성, 오늘의 미련, 내일의 불안&gt;에 기초한다.... ",부기부집,blog.naver.com/kenpa44,20260127
[공연]시네마틱 융복합 예술극 &lt;<b>불면</b>&gt;,https://blog.naver.com/e_afca/224050261125,"예술극 &lt;<b>불면</b>&gt; 공연을 지금 유튜브에서 만나보세요~ 유튜브 링크 : https://url.kr/f4z371  2025 안양 문화예술인 지원사업 &lt;생애최초 지원&gt; ✨시네마틱 융복합 예술극 &lt;<b>불면</b>&gt; 잠들 수 없는 밤, 몸과 소리, 공간이... ",안양문화예술재단,blog.naver.com/e_afca,20251022
이번 주를 정리하며(+약간의 <b>불면</b>),https://blog.naver.com/herenow333/224085602687,"<b>불면</b>의 가장 큰 원인으로, 이번 주에는 커피를 너무 많이 마셨다. 최근에 네스프레소 커피 머신을 장만해서 매일 커피를 마시는 탓이다. 카페인에 민감한데 커피를 좋아하면 어떡하지? 요즘 홈 카페 오트... ",찬란한 보통날,blog.naver.com/herenow333,20251123
찬바람 <b>불면</b> 고양이의 변화,https://blog.naver.com/picolove1004/224004352092,찬바람 <b>불면</b> 고양이의 변화 브숏 심바 육묘 일기 귀뚜라미가 울고 있는데 쿨매트는 이제 치워야지! 언제까지 쿨매트냐! 선풍기 바람도 싫어서 식탁 밑에 숨어 있는 심바라구!!! 방석하나 올려주었더니 올라갔다가... ,완두콩 일상,blog.naver.com/picolove1004,20250911
<b>불면</b>불후(不眠不朽),https://blog.naver.com/visan3/224191357146,"<b>불면</b>불후(不眠不朽) ‘<b>불면</b>불후(不眠不朽)’는 글자 그대로 &quot;잠들지 않고 썩지 않는다&quot;는 뜻입니다. 주로 다음과 같은 맥락에서 사용됩니다. 영원한 생명력: 어떤 업적이나 정신, 예술 작품 등이 시간이... ",崇善山室(숭선산실),blog.naver.com/visan3,20260222
